{
  "dctx_email": {
    "quota": 396.47,
    "used": 853.53,
    "timestamp": 1762755354.9372916
  },
  "ljq_email": {
    "quota": 1049.33,
    "used": 100.43,
    "timestamp": 1762755373.753759
  },
  "zc_email": {
    "quota": 907.54,
    "used": 242.46,
    "timestamp": 1762755391.5933104
  }
}