{
  "dctx_email": {
    "quota": 387.66,
    "used": 862.34,
    "timestamp": 1762798442.4298773
  },
  "ljq_email": {
    "quota": 1049.33,
    "used": 100.43,
    "timestamp": 1762798460.534374
  },
  "zc_email": {
    "quota": 907.54,
    "used": 242.46,
    "timestamp": 1762798479.3588717
  }
}