{
  "dctx_email": {
    "quota": 388.13,
    "used": 861.87,
    "timestamp": 1762785328.5730608
  },
  "ljq_email": {
    "quota": 1049.33,
    "used": 100.43,
    "timestamp": 1762785346.9261286
  },
  "zc_email": {
    "quota": 907.54,
    "used": 242.46,
    "timestamp": 1762785365.150068
  }
}