{
  "dctx_email": {
    "quota": 386.68,
    "used": 863.32,
    "timestamp": 1762818657.9850605
  },
  "ljq_email": {
    "quota": 1049.33,
    "used": 100.43,
    "timestamp": 1762818675.8480926
  },
  "zc_email": {
    "quota": 907.54,
    "used": 242.46,
    "timestamp": 1762818692.7855752
  }
}