{
  "dctx_email": {
    "quota": 407.52,
    "used": 817.48,
    "timestamp": 1762687827.6483192
  },
  "ljq_email": {
    "quota": 1024.33,
    "used": 100.43,
    "timestamp": 1762687844.2889924
  },
  "zc_email": {
    "quota": 882.54,
    "used": 242.46,
    "timestamp": 1762687860.8867624
  }
}