{
  "dctx_email": {
    "quota": 417.0,
    "used": 833.0,
    "timestamp": 1762735526.6043618
  },
  "ljq_email": {
    "quota": 1049.33,
    "used": 100.43,
    "timestamp": 1762735544.6233168
  },
  "zc_email": {
    "quota": 907.54,
    "used": 242.46,
    "timestamp": 1762735562.2444098
  }
}