{
  "dctx_email": {
    "quota": 392.15,
    "used": 832.85,
    "timestamp": 1762711414.1534123
  },
  "ljq_email": {
    "quota": 1024.33,
    "used": 100.43,
    "timestamp": 1762711433.1321712
  },
  "zc_email": {
    "quota": 882.54,
    "used": 242.46,
    "timestamp": 1762711450.8432407
  }
}