{
  "dctx_email": {
    "quota": 411.04,
    "used": 863.96,
    "timestamp": 1762819571.4208856
  },
  "ljq_email": {
    "quota": 1074.33,
    "used": 100.43,
    "timestamp": 1762819590.4415395
  },
  "zc_email": {
    "quota": 932.54,
    "used": 242.46,
    "timestamp": 1762819608.2884524
  }
}