{
  "dctx_email": {
    "quota": 397.36,
    "used": 852.64,
    "timestamp": 1762750549.833182
  },
  "ljq_email": {
    "quota": 1049.33,
    "used": 100.43,
    "timestamp": 1762750568.9699268
  },
  "zc_email": {
    "quota": 907.54,
    "used": 242.46,
    "timestamp": 1762750587.832806
  }
}