{
  "dctx_email": {
    "quota": 393.95,
    "used": 856.05,
    "timestamp": 1762766821.295166
  },
  "ljq_email": {
    "quota": 1049.33,
    "used": 100.43,
    "timestamp": 1762766839.7508323
  },
  "zc_email": {
    "quota": 907.54,
    "used": 242.46,
    "timestamp": 1762766858.074827
  }
}