{
  "dctx_email": {
    "quota": 415.61,
    "used": 834.39,
    "timestamp": 1762742326.7188077
  },
  "ljq_email": {
    "quota": 1049.33,
    "used": 100.43,
    "timestamp": 1762742344.4706264
  },
  "zc_email": {
    "quota": 907.54,
    "used": 242.46,
    "timestamp": 1762742362.4424949
  }
}