{
  "dctx_email": {
    "quota": 394.91,
    "used": 855.09,
    "timestamp": 1762757523.9639776
  },
  "ljq_email": {
    "quota": 1049.33,
    "used": 100.43,
    "timestamp": 1762757541.6200788
  },
  "zc_email": {
    "quota": 907.54,
    "used": 242.46,
    "timestamp": 1762757559.8653946
  }
}